{
    "DirectionalLight": {
        "ambient": {
            "b": 0.05000000074505806,
            "g": 0.05000000074505806,
            "r": 0.05000000074505806
        },
        "diffuse": {
            "b": 0.4000000059604645,
            "g": 0.4000000059604645,
            "r": 0.4000000059604645
        },
        "direction": {
            "x": -0.20000000298023224,
            "y": -1.0,
            "z": -0.30000001192092896
        },
        "specular": {
            "b": 0.5,
            "g": 0.5,
            "r": 0.5
        }
    },
    "GameObjects": [
        {
            "diffusePath": "Textures\\container2.png",
            "name": "cube1",
            "position": {
                "x": 0.0,
                "y": 0.0,
                "z": 0.0
            },
            "rotation": {
                "x": 0.0,
                "y": 0.0,
                "z": 0.0
            },
            "scale": {
                "x": 1.0,
                "y": 1.0,
                "z": 1.0
            },
            "specularPath": "Textures\\container2_specular.png",
            "type": 0
        }
    ],
    "Models": [],
    "PointLights": [
        {
            "ambient": {
                "b": 0.20000000298023224,
                "g": 0.20000000298023224,
                "r": 0.20000000298023224
            },
            "constant": 1.0,
            "diffuse": {
                "b": 0.0019607844296842813,
                "g": 0.0019607844296842813,
                "r": 1.0019607543945313
            },
            "intensity": 1.0,
            "linear": 0.09000000357627869,
            "name": "pointLight1",
            "position": {
                "x": -2.0,
                "y": 0.0,
                "z": 0.0
            },
            "quadratic": 0.03200000151991844,
            "specular": {
                "b": 1.0,
                "g": 1.0,
                "r": 1.0
            }
        }
    ],
    "SpotLights": [],
    "camera": {
        "pitch": 0.0,
        "position": {
            "x": -2.0,
            "y": 0.0,
            "z": 5.0
        },
        "yaw": -80.0
    }
}